Unit,Conversion Factor
kg per short ton,907.184740000000
km per mile,1.609340000000
gal per Litre,0.264172107071
g per lb,453.592370000000
MJ per Btu,0.001055055850
short ton per metric ton,1.102311310924