Unit,Conversion Factor
kg per short ton,694.723906558745
km per mile,1.119438360060
gal per Litre,7.804406595808
g per lb,817.900678240922
MJ per Btu,9.297847697320
short ton per metric ton,7.494360200425