Fuel,"User Selection: LHV or HHV, Btu/ft3","LHV, Btu/ft3","HHV, Btu/ft3","Density, grams/ft3","C ratio, (% by wt)","S ratio, (ppm by wt)","S ratio, Actual ratio by wt",LHV/HHV
Natural gas,NaN,983.000000000,1089.000000000,22.000000000,0.724000000,6.000000000,NaN,NaN
Pure methane,NaN,962.185049209,1068.025404621,20.303179299,0.750000000,0.000000000,NaN,NaN
Gaseous hydrogen,NaN,290.000000000,343.000000000,2.550000000,0.000000000,0.000000000,NaN,NaN
Carbon dioxide,NaN,NaN,NaN,56,0.273,0,NaN,NaN
Still gas (in refineries),NaN,970.000000000,1055.000000000,20.300000000,0.753000000,6.000000000,NaN,NaN